,users,Age,date
0,benmike,37,2018-08-06
1,Kusfa,37,2018-08-06
2,RichDad1,37,2018-08-06
3,uyilicious,74,2018-08-06
4,gorociano,32,2018-08-06
5,Buthupogon,32,2018-08-06
6,sammycarz,31,2018-08-06
7,wundakind,29,2018-08-06
8,wonuks,28,2018-08-06
9,ponpon,28,2018-08-06
10,imrandbest,37,2018-08-06
11,crownie,31,2018-08-06
12,OlaRolls,31,2018-08-06
13,jeguz102,26,2018-08-06
14,Tobtex,25,2018-08-06
15,babashiko,28,2018-08-06
16,lennycool9,28,2018-08-06
17,adefolakol,31,2018-08-06
18,Aizenosa,26,2018-08-06
19,tiawoodu,37,2018-08-06
20,Ctemi,34,2018-08-06
21,Khaihsan,39,2018-08-06
22,sleekysol,34,2018-08-06
23,SirJonse,35,2018-08-06
24,Mujitapha,35,2018-08-06
25,Ekawu,28,2018-08-06
26,Jonarinho,27,2018-08-06
27,Smhart1,31,2018-08-06
28,chiomzyb,31,2018-08-06
29,Britzdon,34,2018-08-06
30,Whobedatte,34,2018-08-06
31,Johnotas,33,2018-08-06
32,MEGA4BILLION,33,2018-08-06
33,ibukun313,32,2018-08-06
34,Freeko4,32,2018-08-06
35,Professor101,31,2018-08-06
36,Parisbee5,29,2018-08-06
37,eljayson,29,2018-08-06
38,NegeduGrace,26,2018-08-06
39,CowbellY,25,2018-08-06
40,boytayo,25,2018-08-06
41,binsidi,27,2018-08-06
42,koladebrainiac,24,2018-08-06
43,solexy4u,24,2018-08-06
44,isszy,31,2018-08-06
45,stanislaus67,31,2018-08-06
46,babashow40,42,2018-08-06
47,kingajibola,31,2018-08-06
48,emidon007,31,2018-08-06
49,ekoson95,22,2018-08-06
50,lizzy22,30,2018-08-06
51,relevanteism,30,2018-08-06
52,Vicfus,33,2018-08-06
53,ozo13,26,2018-08-06
54,devilmaycry,26,2018-08-06
55,Orileboi,24,2018-08-06
56,AZEEZAKINREMI,22,2018-08-06
57,imocheezy,22,2018-08-06
58,TigoRymes,33,2018-08-06
59,LammyBillionz,33,2018-08-06
60,BraniacX,33,2018-08-06
61,rimijoshua,29,2018-08-06
62,TwistedPair,22,2018-08-06
63,kingdavid9c,22,2018-08-06
64,wolexy200,30,2018-08-06
65,Viktoh,21,2018-08-06
66,phatnelly,29,2018-08-06
67,JVgal,28,2018-08-06
68,btvnigeria,44,2018-08-06
69,stephenqueen,38,2018-08-06
70,timnarogcy1,41,2018-08-06
71,Rexleo,41,2018-08-06
72,gud4dbest,30,2018-08-06
73,OOOS,24,2018-08-06
74,medoplus,24,2018-08-06
75,emmilyezzy,26,2018-08-06
76,oloriTj,26,2018-08-06
77,Chrysz,26,2018-08-06
78,Haywhytee,53,2018-08-06
79,ruffbamreal,32,2018-08-06
80,EastGold,32,2018-08-06
81,bobestman,26,2018-08-06
82,bitcoinguru,26,2018-08-06
83,Biut,36,2018-08-06
84,samson05,36,2018-08-06
85,reginaeb,27,2018-08-06
86,chiedozieX,27,2018-08-06
87,abioyebabatunde,27,2018-08-06
88,MEduwajeh,33,2018-08-06
89,aonuh,34,2018-08-06
90,kaymoney200,32,2018-08-06
91,Princemodris,24,2018-08-06
92,jamilfee,30,2018-08-06
93,topellycategory,27,2018-08-06
94,Monday5,27,2018-08-06
95,wordproof,48,2018-08-06
96,Epiczi,48,2018-08-06
97,joeaz58,22,2018-08-06
98,Harrisee,22,2018-08-06
99,olatunyemi,22,2018-08-06
100,Sync201,38,2018-08-06
101,Michsot,38,2018-08-06
102,ometa36,18,2018-08-06
103,danyel11,18,2018-08-06
104,wamide042,27,2018-08-06
105,GozieAchara,23,2018-08-06
106,proudlyYoruba,20,2018-08-06
107,eemjay76,42,2018-08-06
108,sorefunmi,30,2018-08-06
109,Orjitex15,30,2018-08-06
110,Gracemanisrael01,30,2018-08-06
111,basynem1,23,2018-08-06
112,goldenson5895,23,2018-08-06
113,s33d,30,2018-08-06
114,onyxvincent,26,2018-08-06
115,boldone,26,2018-08-06
116,ABSAO,39,2018-08-06
117,prophetpeter1979,39,2018-08-06
118,Giddygrade,41,2018-08-06
119,Wiservic,21,2018-08-06
120,almuttaqun,23,2018-08-06
121,Plusstreet,44,2018-08-06
122,faithfulagaz,28,2018-08-06
123,Estherfabian,21,2018-08-06
124,Henitan24,24,2018-08-06
125,kaykings,24,2018-08-06
126,jesusvessel,25,2018-08-06
127,Efelee05,24,2018-08-06
128,Omaattah,24,2018-08-06
129,Phemostiga4u,28,2018-08-06
130,Seyila6450,27,2018-08-06
131,murrymoney,28,2018-08-06
132,Labim,28,2018-08-06
133,Ayomathy01,24,2018-08-06
134,zsamorano,22,2018-08-06
135,Kubrah,22,2018-08-06
136,pops1111,23,2018-08-06
137,925pieces,35,2018-08-06
138,ItzKennybest67,19,2018-08-06
139,Amobek,27,2018-08-06
140,Auduilex,27,2018-08-06
141,JrehConsulting,48,2018-08-06
142,Thegreatman,48,2018-08-06
143,BoyMayank,34,2018-08-06
144,mbciyouth,34,2018-08-06
145,clockwerk162,28,2018-08-06
146,mbawuese,26,2018-08-06
147,hindishayarihub,26,2018-08-06
148,Adekunle813,20,2018-08-06
149,Diamondskincare,28,2018-08-06
150,Nemesis08,19,2018-08-06
151,Beckypp,19,2018-08-06
152,Okoroadesuwa64,26,2018-08-06
